,title,post_link
0,Chesapeake Bank $100 Savings Bonus ,https://www.doctorofcredit.com/va-only-chesapeake-bank-100-checking-bonus-no-requirements/
1,Arsenal Credit Union $100 Checking Bonus ,https://www.doctorofcredit.com/mo-only-arsenal-credit-union-100-checking-bonus-no-direct-deposit-required/
2,The Cooperative Bank $200 Checking Bonus,https://www.doctorofcredit.com/ma-only-the-cooperative-bank-200-checking-bonus/
3,Old Second Bank $200 Checking Bonus,https://www.doctorofcredit.com/il-only-old-second-bank-200-checking-bonus/
4,BBVA $400 Checking Bonus + $50 Savings Bonus & In Branch,https://www.doctorofcredit.com/bbva-400-checking-bonus-50-savings-bonus-available-via-phone-in-branch/
5,Excite Credit Union $100 Checking/Savings Bonus,https://www.doctorofcredit.com/ca-nc-excite-credit-union-100-checking-savings-bonus/
6,South State Bank $200 Checking Bonus ,https://www.doctorofcredit.com/ga-nc-sc-south-state-bank-100-checking-bonus-direct-deposit-not-required/
7,Citadel Bank $300 Checking Bonus,https://www.doctorofcredit.com/pa-citadel-bank-300-checking-bonus-100-savings/
8,Fulton Bank $200 Checking Bonus ,https://www.doctorofcredit.com/de-dc-md-nj-pa-va-only-fulton-bank-200-checking-bonus-direct-deposit-not-required/
9,Teachers Credit Union $200 Checking Bonus,https://www.doctorofcredit.com/in-mi-teachers-credit-union-200-checking-bonus/
10,Bank OZK $250 Checking Bonus,https://www.doctorofcredit.com/al-ar-ca-fl-ga-ms-nc-ny-sc-tn-tx-in-branch-ymmv-only-bank-ozk-250-checking-bonus/
11,Hancock Whitney Bank $300 Checking Bonus,https://www.doctorofcredit.com/la-ms-fl-al-tx-hancock-whitney-bank-300-checking-bonus/
12,Bar Harbor Bank & Trust $100 Checking Bonus,https://www.doctorofcredit.com/me-nh-in-branch-only-bar-harbor-bank-trust-100-checking-bonus/
13,Credit Union of Texas $250 Checking Bonus,https://www.doctorofcredit.com/tx-credit-union-texas-250-checking-bonus/
14,"BrightStar Credit Union  $100 Checking Promotion, No Direct Deposit Requirement",https://www.doctorofcredit.com/fl-only-brightstar-credit-union-bscu-100-checking-promotion-no-direct-deposit-requirement/
15,American Eagle Financial Credit Union $100 Checking Bonus,https://www.doctorofcredit.com/ct-american-eagle-financial-credit-union-100-checking-bonus-2/
16,BBVA $200 Checking & $50 Savings Bonus & Nationwide,https://www.doctorofcredit.com/bbva-compass-200-checking-50-savings-bonus-nationwide-available-online-2/
17,HSBC $700 Checking Bonus ,https://www.doctorofcredit.com/hsbc-700-checking-bonus-direct-deposit-is-required/
18,North Shore Bank $300 Checking Bonus ,https://www.doctorofcredit.com/wi-il-only-north-shore-bank-300-checking-bonus-direct-deposit-optional/
19,Seacoast Bank $350 Checking & $150 Savings Bonus,https://www.doctorofcredit.com/fl-in-branch-only-seacoast-bank-350-checking-150-savings-bonus/
20,Incredible Bank $102 Checking Bonus ,https://www.doctorofcredit.com/incredible-bank-102-checking-bonus-available-nationwide/
21,Chase Checking $5 Autosave Bonus By Saving $30,https://www.doctorofcredit.com/chase-checking-5-autosave-bonus-by-saving-30/
22,"Marcus $100 Bonus for New & *Existing* Savings Customers with $10,000 Deposit ",https://www.doctorofcredit.com/marcus-100-bonus-for-new-existing-savings-customers-with-10000-deposit-1-70-apy/
23,Bank Of The West $250 Checking Bonus ,https://www.doctorofcredit.com/bank-of-the-west-250-checking-bonus-az-ca-co-id-ia-ks-mn-mo-ne-nv-nm-nd-ok-or-sd-ut-wa-wi-wy/
24,CIT Bank $100/$200 Savings Bonus + 1.8% APY & Existing Customers ,https://www.doctorofcredit.com/cit-bank-100-200-savings-bonus-1-8-apy-new-existing-customers-25000-50000-deposit-required-for-90-days/
25,People’s United Bank $100 Checking Bonus & Shop’s ,https://www.doctorofcredit.com/peoples-united-bank-100-checking-bonus-inside-stop-shops-direct-deposit-not-required-ny-ct-nh-and-vt-only/
26,The State Bank Group $200 Checking Bonus ,https://www.doctorofcredit.com/il-only-the-state-bank-group-200-checking-bonus-direct-deposit-not-required/
27,"Chase $2,000 Bonus For Upgrading To Chase Private Client",https://www.doctorofcredit.com/chase-1250-bonus-for-upgrading-to-chase-private-client/
28,Arizona Central Credit Union $200 Checking Bonus,https://www.doctorofcredit.com/az-only-arizona-central-credit-union-200-checking-bonus/
29,Northwest Federal Credit Union $300 Checking Bonus,https://www.doctorofcredit.com/ballston-va-branch-northwest-federal-credit-union-300-checking-bonus/
30,OneWest $300 Premium Money Market Account Bonus,https://www.doctorofcredit.com/southern-ca-onewest-300-premium-money-market-account-bonus/
31,Washington Savings Bank $300 Checking Bonus,https://www.doctorofcredit.com/ma-only-washington-savings-bank-300-checking-bonus/
32,HSBC $350-$475 Checking Bonus ,https://www.doctorofcredit.com/hsbc-350-475-checking-bonus-direct-deposit-is-required/
33,M&T Bank $200-$400 Checking Bonus ,https://www.doctorofcredit.com/mt-bank-150-checking-bonus-tn-available-online-ct-dc-de-md-nj-ny-pa-va-wv/
34,Wells Fargo $400 Checking Bonus ,https://www.doctorofcredit.com/wells-fargo-400-checking-bonus-available-online-denver-miami-houston-orlando-phoenix-seattle/
35,"Discover Checking Account Cashback Match Bonus, $30 Per Month up to $210 Bonus Match",https://www.doctorofcredit.com/discover-checking-account-cashback-match-bonus-up-to-210-bonus-match/
36,Cambridge Savings Bank $400 Checking Bonus,https://www.doctorofcredit.com/ma-ct-me-nh-ri-vt-cambridge-savings-bank-400-checking-bonus/
37,ENT Credit Union $500 Checking Bonus,https://www.doctorofcredit.com/co-only-ent-credit-union-500-checking-bonus/
38,Bank of The Blue Grass $100 Checking Bonus,https://www.doctorofcredit.com/lexington-ky-bank-of-the-blue-grass-100-checking-bonus/
39,California Credit Union $100 Checking Bonus,https://www.doctorofcredit.com/ca-only-california-credit-union-100-checking-bonus/
40,Chartway Federal Credit Union $100 Checking Bonus ,https://www.doctorofcredit.com/chartway-federal-credit-union-100-checking-bonus-no-direct-deposit-required/
41,"Chase Sapphire Banking $1,000 Upgrade & New Account Offer",https://www.doctorofcredit.com/chase-sapphire-banking-1000-upgrade-new-account-offer/
42,ConnexUs Credit Union $250 Checking Bonus ,https://www.doctorofcredit.com/connexus-credit-union-250-checking-bonus-direct-deposit-not-required/
43,Union Bank & Trust $150 Checking Bonus,https://www.doctorofcredit.com/va-md-nc-union-bank-trust-150-checking-bonus/
44,Gesa Credit Union $300 Checking Bonus ,https://www.doctorofcredit.com/wa-only-gesa-credit-union-300-checking-bonus-no-direct-deposit-requirement/
45,WesBanco $250 Checking Promotion,https://www.doctorofcredit.com/wv-pa-oh-in-ky-in-branch-only-wesbanco-250-checking-promotion/
46,U.S. Bank $200 Checking & $200 Savings Bonus ,https://www.doctorofcredit.com/u-s-bank-200-checking-200-savings-bonus/
47,Bank & Trust $350/$400 Checking Bonus,https://www.doctorofcredit.com/il-ia-wi-bank-trust-200-checking-bonus/
48,SunTrust $200 Checking Promotion ,https://www.doctorofcredit.com/suntrust-200-checking-promotion-al-ar-fl-ga-md-ms-nc-sc-tn-wv-va-and-d-c-only/
49,Republic Bank $200 Checking Bonus,https://www.doctorofcredit.com/fl-in-ky-oh-tn-republic-bank-200-checking-bonus/
50,Columbia Bank $250 Checking Account Bonus,https://www.doctorofcredit.com/nj-columbia-bank-200-chehking-account-bonus/
51,Huntington Bank $200 Checking Promotion ,https://www.doctorofcredit.com/oh-mi-pa-ky-wv-huntington-bank-200-checking-promotion-no-direct-deposit-requirement/
52,Campus USA Credit Union $300 Checking Bonus,https://www.doctorofcredit.com/fl-only-campus-usa-credit-union-300-checking-bonus/
53,Andigo Credit Union $500 Checking Bonus + $50,https://www.doctorofcredit.com/il-only-andigo-credit-union-500-checking-bonus/
54,Fifth Third $250 Checking Bonus ,https://www.doctorofcredit.com/fifth-third-200-checking-bonus-fl-ga-il-ky-mi-nc-oh-tn-wv/
55,Exchange Bank $100 Checking Bonus,https://www.doctorofcredit.com/ne-ks-in-branch-exchange-bank-100-checking-bonus/
56,HomeTrust Bank $202 Checking Bonus,https://www.doctorofcredit.com/nc-sc-tn-va-hometrust-bank-202-checking-bonus/
57,Santander $225 Checking Bonus ,https://www.doctorofcredit.com/santander-225-checking-bonus-nationwide/
58,Columbia Bank $200 Checking Bonus,https://www.doctorofcredit.com/wa-or-id-in-branch-columbia-bank-200-checking-bonus/
59,Bank of America $100 Checking Bonus & Nationwide,https://www.doctorofcredit.com/bank-america-100-checking-bonus-public-nationwide/
60,PNC Up To $300 Checking Bonus ,https://www.doctorofcredit.com/pnc-up-to-300-checking-bonus-no-state-restriction/
61,MidUSA Credit Union $100 Checking Bonus,https://www.doctorofcredit.com/oh-only-midusa-credit-union-100-checking-bonus/
62,Reliant Community Credit Union $100 Referral Bonus,https://www.doctorofcredit.com/ny-only-reliant-community-credit-union-100-referral-bonus/
63,Citizens Bank $600 Checking & Savings Bonus,https://www.doctorofcredit.com/ct-de-ma-mi-nh-nj-ny-oh-pa-ri-vt-citizens-600-checking-savings-bonus/
64,HomeStreet Bank $300 Checking Bonus ,https://www.doctorofcredit.com/wa-ca-or-id-hi-homestreet-bank-300-checking-bonus-available-online/
65,Financial One Credit Union $300 Bonus,https://www.doctorofcredit.com/mn-only-financial-one-credit-union-300-bonus/
66,Arundel Federal Savings Bank $300 Checking Bonus,https://www.doctorofcredit.com/md-only-arundel-federal-savings-bank-300-checking-bonus/
67,Provident Credit Union $300 Checking Bonus ,https://www.doctorofcredit.com/ca-only-provident-credit-union-300-checking-bonus-no-direct-deposit-required/
68,Clearview Credit Union $200 Checking Bonus,https://www.doctorofcredit.com/pa-clearview-credit-union-200-checking-bonus/
69,Varo Money  $75 Sign Up Bonus  ,https://www.doctorofcredit.com/varo-money-online-bank-account-75-sign-up-bonus-ios-android-sharing-referrals-still-a-nono/
70,HSBC $350-$750 Checking Bonus ,https://www.doctorofcredit.com/hsbc-350-750-checking-bonus-direct-deposit-is-required/
71,Southside Bank $200 Checking Bonus,https://www.doctorofcredit.com/tx-only-southside-bank-200-checking-bonus/
72,"Beacon Credit Union $250 Checking Bonus & 5.05% APY On Balances Up To $2,500",https://www.doctorofcredit.com/va-nc-only-beacon-credit-union-250-checking-bonus-5-05-apy-on-balances-up-to-2500/
73,Fifth Third $250 Savings Bonus,https://www.doctorofcredit.com/fl-ga-il-in-ky-mi-nc-oh-tn-wv-in-branch-fifth-third-250-savings-bonus/
74,Keybank $200 Checking Bonus,https://www.doctorofcredit.com/unknown-location-restrictions-keybank-200-checking-bonus/
75,Orange County’s Credit Union $100 Checking Bonus ,https://www.doctorofcredit.com/orange-countys-credit-union-100-checking-bonus-direct-deposit-not-required-ca-2/
76,Star One Credit Union $120 Checking Bonus ,https://www.doctorofcredit.com/star-one-credit-union-100-checking-bonus-50-per-referral-no-bonus-requirements-santa-clara-ca/
77,$300 FirstBank Checking Bonus,https://www.doctorofcredit.com/ca-az-co-300-firstbank-checking-bonus-direct-deposit-optional/
78,BMO Harris $150/$250 Checking/Savings Bonus ,https://www.doctorofcredit.com/bmo-harris-200-checking-bonus-available-nationwide-2/
79,OneAZ Credit Union $500 Checking Bonus,https://www.doctorofcredit.com/az-only-oneaz-credit-union-300-checking-bonus/
80,Delta Community Credit Union $200 Checking Bonus ,https://www.doctorofcredit.com/ga-only-delta-community-credit-union-200-checking-bonus-direct-deposit-not-required/
81,U.S. Bank Up To $400 Checking Bonus,https://www.doctorofcredit.com/ymmv-in-branch-only-u-s-bank-up-to-400-checking-bonus/
82,United Financial Credit Union $100 Referral Bonus ,https://www.doctorofcredit.com/mi-only-united-financial-credit-union-100-referral-bonus-direct-deposit-not-required/
83,Stoneham Bank $300 Amazon Giftcard Checking Bonus,https://www.doctorofcredit.com/ma-only-stoneham-bank-200-amazon-giftcard-checking-bonus/
84,$250 Checking Bonus From BMI Federal Credit Union ,https://www.doctorofcredit.com/oh-only-250-checking-bonus-from-bmi-federal-credit-union-referral-bonus/
85,DuGood Federal Credit Union $150 Checking Bonus + $150 Donation To Charity,https://www.doctorofcredit.com/tx-only-dugood-federal-credit-union-150-checking-bonus-150-donation-to-charity/
86,BBVA Compass $200 Checking Bonus,https://www.doctorofcredit.com/bbva-compass-200-checking-bonus/
87,KeyPoint Credit Union $200 Checking Bonus,https://www.doctorofcredit.com/ca-only-keypoint-credit-union-200-checking-bonus/
88,Sterling Bank & Trust  Up To $250 Checking/Savings Bonus,https://www.doctorofcredit.com/nyc-only-sterling-bank-trust-sbt-up-to-250-checking-savings-bonus/
89,Frontwave Credit Union $100 Checking Bonus,https://www.doctorofcredit.com/ca-in-branch-only-frontwave-credit-union-100-checking-bonus/
90,Firefly Credit Union $250 Checking Bonus,https://www.doctorofcredit.com/mn-firefly-credit-union-250-checking-bonus/
91,Focus Federal Credit Union $100 Referral Checking Bonus ,https://www.doctorofcredit.com/ok-only-focus-federal-credit-union-100-referral-checking-bonus-direct-deposit-not-required/
92,TLC Community Credit Union $150 Checking Bonus ,https://www.doctorofcredit.com/dundee-mi-only-tlc-community-credit-union-150-checking-bonus-no-direct-deposit-required/
93,FirstLight Federal Credit Union $100 Checking Bonus,https://www.doctorofcredit.com/nm-tx-only-firstlight-federal-credit-union-100-checking-bonus/
94,HomeStreet Bank $350 Checking Bonus ,https://www.doctorofcredit.com/wa-ca-or-id-hi-homestreet-bank-350-checking-bonus-available-online/
95,1st United Credit Union $100 Checking Bonus ,https://www.doctorofcredit.com/1st-united-credit-union-100-checking-bonus-select-ca-areas/
96,Five Star Bank $100/$200 Checking Bonus ,https://www.doctorofcredit.com/ny-only-five-star-bank-150-250-checking-bonus/
97,IBERIABANK $600 Checking/Savings Bonus,https://www.doctorofcredit.com/targeted-al-ar-fl-ga-la-tn-tx-iberiabank-200-350-checking-account-bonus/
98,TBK Bank $125/$200 Checking Bonus,https://www.doctorofcredit.com/co-ia-il-ks-tx-tbk-bank-125-200-checking-bonus/
99,Citadel Bank Up To $200 Checking Bonus + $240 Debit Card Bonus,https://www.doctorofcredit.com/pa-only-citadel-bank-up-to-200-checking-bonus-240-debit-card-bonus/
100,Does Chase Match a Checking or Savings Bonus? ,https://www.doctorofcredit.com/does-chase-match-a-checking-or-savings-bonus-yes-for-21-days/
101,CIT Bank $150/$300 Savings Bonus + 1.8% APY & Existing Customers ,https://www.doctorofcredit.com/cit-bank-150-300-savings-bonus-1-8-apy-new-existing-customers-25000-50000-deposit-required-for-90-days/
102,Texas Trust Credit Union $150 Checking Bonus ,https://www.doctorofcredit.com/tom-green-county-tx-texas-trust-credit-union-150-checking-bonus-direct-deposit-optional/
103,First Home Bank $250 Checking & $100 Savings Bonus,https://www.doctorofcredit.com/fl-first-home-bank-250-checking-bonus/
104,Northwest Federal Credit Union $300 Checking Bonus,https://www.doctorofcredit.com/va-in-branch-only-northwest-federal-credit-union-300-checking-bonus/
105,Northwest Federal Credit Union $300 Checking Bonus,https://www.doctorofcredit.com/va-in-branch-only-northwest-federal-credit-union-300-checking-bonus/
106,U.S. Bank $300 Online Checking Bonus,https://www.doctorofcredit.com/u-s-bank-300-online-checking-bonus-3/
107,Wintrust Bank $300 Checking & $200 Savings Bonus,https://www.doctorofcredit.com/il-only-wintrust-bank-300-checking-bonus/
108,USE Credit Union $100 Referral Bonus,https://www.doctorofcredit.com/ca-only-use-credit-union-100-referral-bonus/
109,Mid-Hudson Valley Federal Credit Union $200 Checking Bonus,https://www.doctorofcredit.com/select-areas-in-ny-mid-hudson-valley-federal-credit-union-200-checking-bonus/
110,$300 Rollstone Bank & Trust Checking Bonus,https://www.doctorofcredit.com/groton-ma-in-branch-only-300-rollstone-bank-trust-checking-bonus/
111,Firstrust Bank $176 Checking Bonus,https://www.doctorofcredit.com/de-md-nj-pa-firstrust-bank-276-checking-bonus/
112,Newtown Savings Bank  $200 Checking Bonus,https://www.doctorofcredit.com/ct-select-counties-in-ny-only-newtown-savings-bank-nsb-150-checking-bonus/
113,CIBC US $400 Checking Bonus ,https://www.doctorofcredit.com/il-chicago-cibc-us-400-checking-bonus-in-branch-only/
114,Wells Fargo $500 Checking Bonus,https://www.doctorofcredit.com/targeted-wells-fargo-500-checking-bonus/
115,RPT Federal Credit Union $100 Checking Bonus ,https://www.doctorofcredit.com/nc-in-branch-only-rpt-federal-credit-union-100-checking-bonus-direct-deposit-not-required/
116,Sunflower Bank $200 Checking Bonus,https://www.doctorofcredit.com/ks-co-only-sunflower-bank-200-checking-savings-bonus/
117,SoFi Money 1.6% Account $25 Referral Bonus + $25 for Referrer,https://www.doctorofcredit.com/sofi-money-2-25-account-25-referral-bonus-for-both-members/
118,Mutual Security Credit Union $250 Checking Bonus,https://www.doctorofcredit.com/norwalk-ct-only-mutual-security-credit-union-250-checking-bonus/
119,Ulster Savings Bank $200 Checking Bonus,https://www.doctorofcredit.com/phoenica-ny-only-ulster-savings-bank-200-checking-bonus-direct-deposit-not-required/
120,Home Federal Savings Bank $400 Bonus ,https://www.doctorofcredit.com/mn-ia-only-home-federal-savings-bank-400-bonus-200-checking-200-money-market/
121,ENT Credit Union $200 Checking Bonus ,https://www.doctorofcredit.com/co-only-ent-credit-union-200-checking-bonus-direct-deposit-not-required/
122,First National Bank and Trust Company $150 Checking Bonus ,https://www.doctorofcredit.com/il-wi-only-first-national-bank-and-trust-company-150-checking-bonus-no-direct-deposit-required/
123,Trustco Bank $125 Personal Checking Bonus + $75 Savings Bonus,https://www.doctorofcredit.com/fl-ma-nj-ny-vt-trustco-bank-125-personal-checking-bonus-75-savings-bonus/
124,Jovia Financial Credit Union $125 Checking Bonus,https://www.doctorofcredit.com/ny-only-jovia-financial-credit-union-125-checking-bonus/
125,"Capital One Money Market $200-$1,000 Bonus + 1.8% APY ",https://www.doctorofcredit.com/capital-one-money-market-200-1000-bonus-1-9-apy-requires-deposit-of-10000-150000/
126,Advance Financial Federal Credit Union  $150 Checking Promo + $100 Vehicle Loan,https://www.doctorofcredit.com/in-only-advance-financial-federal-credit-union-affcu-150-checking-promo-100-vehicle-loan/
127,Town & Country Credit Union $250 Checking Bonus,https://www.doctorofcredit.com/minot-nd-town-country-credit-union-250-checking-bonus/
128,TCF Bank $200 Checking Bonus ,https://www.doctorofcredit.com/mn-mi-il-wi-co-az-or-sd-tcf-bank-200-checking-bonus-direct-deposit-optional/
129,Regions Bank $200 Checking Bonus + $50 Referral ,https://www.doctorofcredit.com/regions-bank-200250-checking-bonus-al-ar-fl-ga-il-ia-ky-la-ms-mo-nc-sc-tn-tx/
130,Emprise Bank $200 Checking Bonus ,https://www.doctorofcredit.com/ks-only-emprise-bank-200-checking-bonus-direct-deposit-not-required/
131,Provident Bank $250 Checking Bonus ,https://www.doctorofcredit.com/nj-pa-only-provident-bank-250-checking-bonus-10-7-10-12/
132,Dollar Bank $200/$300 Checking Bonus,https://www.doctorofcredit.com/oh-pa-dollar-bank-200-checking-bonus/
133,$150 First Bank Financial Centre  Checking Bonus ,https://www.doctorofcredit.com/wi-veterans-only-150-first-bank-financial-centre-fbfc-checking-bonus-no-direct-deposit-or-monthly-fees/
134,LGE Community Credit Union $150 Checking Bonus ,https://www.doctorofcredit.com/ga-only-lge-community-credit-union-150-checking-bonus-direct-deposit-not-required/
135,River Valley Credit Union $100 Checking Bonus,https://www.doctorofcredit.com/oh-river-valley-credit-union-100-checking-bonus/
136,Ocean First Bank $250 Checking Account Bonus ,https://www.doctorofcredit.com/nj-ny-pa-in-branch-only-ocean-first-bank-250-checking-account-bonus-direct-deposit-not-required/
137,Members Source Credit Union $100 In Branch Checking Bonus,https://www.doctorofcredit.com/members-source-credit-union-100-branch-checking-bonus/
138,"Royal Credit Union: $1,000 Money Market Bonus ",https://www.doctorofcredit.com/mn-wi-royal-credit-union-1000-money-market-bonus-100000-deposit-required/
139,Columbia Credit Union $250 Checking Bonus,https://www.doctorofcredit.com/or-wa-only-columbia-credit-union-250-checking-bonus/
140,PeoplesBank $200 Checking Bonus,https://www.doctorofcredit.com/md-pa-peoplesbank-150-checking-bonus-4/
141,BECU $100 Referral Checking Bonus For Both Parties ,https://www.doctorofcredit.com/wa-becu-100-referral-checking-bonus-parties-no-direct-deposit-required/
142,Fifth Third $500 Checking Bonus ,https://www.doctorofcredit.com/fl-ga-il-in-ky-mi-nc-oh-tn-wv-fifth-third-500-checking-bonus-direct-deposits-not-required/
143,OneWest Bank $250 Checking Bonus,https://www.doctorofcredit.com/southern-ca-in-branch-only-onewest-bank-200-checking-bonus/
144,BB&T $250 Checking Bonus ,https://www.doctorofcredit.com/bbt-200-checking-bonus-direct-deposit-not-required-al-dc-fl-ga-in-ky-md-nc-oh-sc-tn-tx-va-wv/
145,Simple Finance $500 Savings Bonus ,https://www.doctorofcredit.com/simple-finance-500-savings-bonus/
146,Union Bank $200 Checking Bonus ,https://www.doctorofcredit.com/ca-wa-union-bank-200-checking-bonus-direct-deposit-not-required/
147,Chase $600 Checking + Savings Bonus,https://www.doctorofcredit.com/chase-600-checking-savings-bonus/
148,MECU Credit Union $150 Checking Bonus,https://www.doctorofcredit.com/md-baltimore-city-mecu-credit-union-150-checking-bonus/
149,Lake Shore Savings $100 Checking Promotion,https://www.doctorofcredit.com/lake-shore-savings-125-checking-promotion/
150,East Boston Savings Bank $100 + Free Gift Checking Bonus,https://www.doctorofcredit.com/ma-in-branch-only-east-boston-savings-bank-100-free-gift-checking-bonus/
151,7 17 Credit Union $100 Checking Bonus ,https://www.doctorofcredit.com/oh-7-17-credit-union-100-checking-bonus-direct-deposit-optional/
152,GTE Financial $200 Checking Bonus,https://www.doctorofcredit.com/fl-only-gte-financial-200-checking-bonus/
153,Eastern Bank $350 Checking Bonus,https://www.doctorofcredit.com/ma-nh-me-ri-eastern-bank-350-checking-bonus/
154,Incredible Bank $175 Checking & $100 Money Market Bonus ,https://www.doctorofcredit.com/incredible-bank-175-checking-100-money-market-bonus-available-nationwide/
155,Hanmi Bank $500 Checking Bonus  ,https://www.doctorofcredit.com/ca-il-nj-ny-tx-va-in-branch-hanmi-bank-500-checking-bonus-2-of-account-balance-no-direct-deposit-required/
156,TTCU Federal Credit Union $150 Checking Bonus ,https://www.doctorofcredit.com/restricted-ok-only-ttcu-federal-credit-union-150-checking-bonus-direct-deposit-optional/
157,Stanford Federal Credit Union $200 Checking & $200 Savings Bonuses,https://www.doctorofcredit.com/ca-only-stanford-federal-credit-union-200-checking-200-savings-bonuses/
158,Bank Of Sun Prairie $150 In Branch Checking Bonus + $150 To Charity ,https://www.doctorofcredit.com/wi-only-bank-of-sun-prairie-150-in-branch-checking-bonus-150-to-charity-direct-deposit-optional/
159,Unify Financial Credit Union $100 Checking Bonus + Two LA Rams Tickets ,https://www.doctorofcredit.com/unify-financial-credit-union-100-checking-bonus-ca-only-maybe-nationwide/
160,Flagstar Bank $250 Checking Bonus ,https://www.doctorofcredit.com/mi-in-oh-wi-in-branch-flagstar-bank-250-checking-bonus-direct-deposit-not-required/
161,Century Bank $250 Checking Bonus,https://www.doctorofcredit.com/ma-only-century-bank-250-checking-bonus/
162,MidFirst Bank $300 Checking Promotion ,https://www.doctorofcredit.com/az-only-midfirst-bank-300-checking-promotion-direct-deposit-not-required/
163,"Chase Savings $300 Bonus $25,000 Deposit For 90 Days ",https://www.doctorofcredit.com/targeted-chase-savings-300-bonus-requires-25000-deposit-90-days/
164,Credit Union West $100 Checking Bonus ,https://www.doctorofcredit.com/az-only-credit-union-west-100-checking-bonus-no-requirements/
165,Sandy Spring Bank $150 Checking Bonus,https://www.doctorofcredit.com/md-dc-va-sandy-spring-bank-150-checking-bonus-direct-deposit-not-required/
166,Apple Federal Credit Union $100 Checking Bonus ,https://www.doctorofcredit.com/va-only-apple-federal-credit-union-100-checking-bonus-direct-deposit-not-required/
167,TruMark Financial $150 Checking Bonus,https://www.doctorofcredit.com/pa-only-trumark-financial-150-checking-bonus/
168,Union Savings Bank $150/$250 Checking Bonus,https://www.doctorofcredit.com/ct-only-union-savings-bank-150-250-checking-bonus/
169,Citizens First Bank $100 Checking Bonus,https://www.doctorofcredit.com/ia-in-branch-only-citizens-first-bank-100-checking-bonus/
170,Vectra Bank Checking/Savings Bonus Up To $750,https://www.doctorofcredit.com/co-only-vectra-bank-checking-savings-bonus-up-to-750/
171,Service Credit Union $100 Referral Bonus For Both Parties ,https://www.doctorofcredit.com/ma-nh-service-credit-union-100-referral-bonus-for-both-parties-direct-deposit-not-required/
172,Cambridge Savings Bank $300 Checking Bonus,https://www.doctorofcredit.com/ma-ct-me-nh-ri-vt-cambridge-savings-bank-300-checking-bonus/
173,HomeStreet Bank $250 Checking Bonus,https://www.doctorofcredit.com/wa-ca-or-id-hi-in-branch-homestreet-bank-250-checking-bonus/
174,"$1,000 Tech CU Savings Bonus",https://www.doctorofcredit.com/ca-only-1000-tech-cu-savings-bonus/
175,Marine Bank/CIBM Bank $200 Checking Bonus,https://www.doctorofcredit.com/in-il-wi-only-marine-bank-cibm-bank-200-checking-bonus/
176,Brentwood Bank $200 Checking Bonus,https://www.doctorofcredit.com/pa-in-branch-only-brentwood-bank-200-checking-bonus/
177,Monona Bank $300 Checking Bonus,https://www.doctorofcredit.com/wi-in-branch-only-monona-bank-300-checking-bonus/
178,"Digital Federal Credit Union  6.17% APY On Balances Up To $1,000 Primary Savings Account",https://www.doctorofcredit.com/digital-federal-credit-union-dcu-6-17-apy-on-balances-up-to-1000-primary-savings-account/
179,Simple Finance: Open Protected Goals Account & Earn $150 & 2.15% APY ,https://www.doctorofcredit.com/simple-finance-open-protected-goals-account-earn-250-2-02-apy-up-to-750-between-two-people/
180,Republic Bank $175 Bonus ,https://www.doctorofcredit.com/ny-only-republic-bank-100-bonus-no-requirements-for-bonus-td-bank-debit-card-or-dog-required-though/
181,Investor Bank $250 Checking Bonus,https://www.doctorofcredit.com/ny-nj-in-branch-only-investor-bank-250-checking-bonus/
182,Fremont Bank $200 Checking Promotion,https://www.doctorofcredit.com/ca-only-fremont-bank-200-checking-promotion/
183,Camden National Bank $150 Checking Bonus,https://www.doctorofcredit.com/me-only-camden-national-bank-150-checking-bonus/
184,Watertown Savings Bank $300 Checking Bonus,https://www.doctorofcredit.com/ma-only-watertown-savings-bank-300-checking-bonus/
185,MVB Bank $150 Checking Bonus /Teachers Only,https://www.doctorofcredit.com/d-c-md-nc-pa-sc-wv-va-only-mvb-bank-150-checking-bonus-students-teachers-only/
186,State Bank Of India  $150 Checking Bonus,https://www.doctorofcredit.com/ca-only-state-bank-of-india-california-150-checking-bonus/
187,Dollar Bank $300 Checking Bonus,https://www.doctorofcredit.com/oh-in-branch-only-dollar-bank-300-checking-bonus/
188,LegacyTexas $150 Checking Promotion,https://www.doctorofcredit.com/tx-legacytexas-150-checking-promotion/
189,First Bank $100 Checking Bonus,https://www.doctorofcredit.com/va-only-first-bank-100-checking-bonus/
190,Callaway Bank $162 Checking Bonus ,https://www.doctorofcredit.com/mo-callaway-bank-160-checking-bonus-direct-deposit-not-required/
191,Michigan Schools and Government Credit Union $175 Checking Bonus,https://www.doctorofcredit.com/mi-only-michigan-schools-and-government-credit-union-175-checking-bonus/
192,Peoples Bank  $220 Checking Bonus,https://www.doctorofcredit.com/il-in-peoples-bank-ibankpeoples-220-checking-bonus/
193,Starion Bank $150 Checking Bonus,https://www.doctorofcredit.com/fargo-nd-only-starion-bank-150-checking-bonus/
194,Widget Financial $100 Checking Bonus,https://www.doctorofcredit.com/pa-only-widget-financial-100-checking-bonus/
195,Flagship Bank $100 Checking Bonus,https://www.doctorofcredit.com/mn-only-flagship-bank-100-checking-bonus/
196,Royal Credit Union $200 Checking Bonus ,https://www.doctorofcredit.com/mn-wi-royal-credit-union-200-checking-bonus/
197,UMB Bank $150 Checking Bonus ,https://www.doctorofcredit.com/az-co-il-mo-il-ne-ok-ks-tx-umb-bank-150-checking-bonus-200-for-person-referring-you/
198,Northwest Bank $100 Checking Bonus,https://www.doctorofcredit.com/ne-ia-sd-mn-northwest-bank-100-checking-bonus/
199,Waukesha State Bank $100 Checking Bonus ,https://www.doctorofcredit.com/wi-only-waukesha-state-bank-100-checking-bonus-no-requirements/
200,U.S. Bank $300 Online Checking Bonus,https://www.doctorofcredit.com/u-s-bank-300-online-checking-bonus-2/
201,HomeTrust Bank $150 Bonus + $5 Monthly,https://www.doctorofcredit.com/nc-sc-tn-va-hometrust-bank-100-bonus-5-monthly/
202,Community First Credit Union $150 Checking Bonus,https://www.doctorofcredit.com/fl-only-community-first-credit-union-160-amazon-checking-bonus/
203,Bank of America $350 Checking Bonus,https://www.doctorofcredit.com/id-ky-la-wi-bank-of-america-350-checking-bonus/
204,Capital One Money Market $500 Bonus + 2% APY ,https://www.doctorofcredit.com/capital-one-money-market-500-bonus-2-apy-requires-deposit-of-50000/
205,First Midwest Bank $250 Checking Promotion ,https://www.doctorofcredit.com/il-in-ia-wi-only-first-midwest-bank-250-checking-promotion-direct-deposit-not-required/
206,Cap Ed Credit Union $100 Checking Bonus ,https://www.doctorofcredit.com/in-only-cap-ed-credit-union-100-checking-bonus-no-direct-deposit-required/
207,Dedham Savings Bank $250 Checking Bonus,https://www.doctorofcredit.com/ma-only-dedham-savings-bank-250-checking-bonus/
208,Sharepoint Credit Union $150 Checking Bonus + 5% APY ,https://www.doctorofcredit.com/mn-sharepoint-credit-union-150-checking-bonus-5-apy/
209,Addition Financial $300 Checking Bonus,https://www.doctorofcredit.com/fl-only-addition-financial-300-checking-bonus/
210,Monson Savings Bank $100 Checking Bonus,https://www.doctorofcredit.com/ma-in-branch-monson-savings-bank-100-checking-bonus/
211,BMO Harris $700 Checking & Savings Bonus,https://www.doctorofcredit.com/il-wi-mn-in-bmo-harris-700-checking-savings-bonus/
212,Mazuma Credit Union $200 Checking Bonus,https://www.doctorofcredit.com/ks-mo-mazuma-credit-union-200-checking-bonus/
